old_name,new_name
andrew bjonnes,NA
andrew c bjonnes,NA
andrew t dewan,NA
aniruddh p patel,NA
art schuermans,NA
audrey f saftlas,NA
ayush giri,NA
ben m brumpton,NA
berta almoguera,NA
braden w eberhard,NA
brenda xiao,NA
brendan j keating,NA
brendan keating,NA
brian t bateman,NA
buu truong,NA
caitlin j smith,NA
cassandra n spracklen,NA
chang cao,NA
charles dupont,NA
charles j lockwood,NA
clary b clish,NA
claudia colmenares,NA
dale l bodian,NA
david a van heel,NA
david e cantonwine,NA
david m haas,NA
elisabeth klein,NA
elizabeth w triche,NA
errol r norwitz,NA
estonian biobank research team,NA
genes  health research team,NA
girish n nadkarni,NA
ha my t vy,NA
hakon hakonarson,NA
hilary c martin,NA
hooman mirzakhani,NA
itsik peer,NA
jeffrey c murray,NA
jennifer g robinson,NA
josephine hoh,NA
juan casas,NA
julian avilapacheco,NA
kathi c huddleston,NA
kathryn gray,NA
kathryn j gray,NA
kelli k ryckman,NA
laxmi bhatta,NA
liming liang,NA
margaret sunitha selvaraj,NA
mariah c antopia,NA
mark trinder,NA
matthew maher,NA
melissa l wilson,NA
mengxi yang,NA
michael c honigberg,NA
nataraja sarma vaitinadin,NA
norma serrano,NA
numom2b research team,NA
patrick j breheny,NA
pradeep natarajan,NA
qi yan,NA
rafael f guerrero,NA
raiyan r khan,NA
rajat m gupta,NA
raphael y cohen,NA
richa saxena,NA
ron do,NA
s ananth karumanchi,NA
sarah m urbut,NA
satoshi koyama,NA
sebastian z√∂llner,NA
shamsudheen karuthedath vellarikkal,NA
shefali setia verma,NA
snehal patil,NA
so mi jemma cho,NA
sue ann ingles,NA
thi ha vy,NA
thomas f mcelrath,NA
triin laisk,NA
vesela p kovacheva,NA
